data_date,avg_rainfall,grid_count
2016-01-01,0.00,43
2016-01-02,0.00,43
2016-01-03,16.29,43
2016-01-04,0.01,43
2016-01-05,0.31,43
2016-01-06,38.42,43
2016-01-07,0.00,43
2016-01-08,1.77,43
2016-01-09,0.00,43
2016-01-10,0.00,43
2016-01-11,50.91,43
2016-01-12,2.12,43
2016-01-13,0.00,43
2016-01-14,0.00,43
2016-01-15,1.74,43
2016-01-16,0.03,43
2016-01-17,47.26,43
2016-01-18,0.00,43
2016-01-19,0.15,43
2016-01-20,0.00,43
2016-01-21,14.74,43
2016-01-22,29.57,43
2016-01-23,24.94,43
2016-01-24,5.07,43
2016-01-25,0.00,43
2016-01-26,0.00,43
2016-01-27,0.00,43
2016-01-28,6.81,43
2016-01-29,45.44,43
2016-01-30,8.41,43
2016-01-31,0.00,43
2016-02-01,13.65,43
2016-02-02,4.34,43
2016-02-03,0.00,43
2016-02-04,1.72,43
2016-02-05,2.72,43
2016-02-06,0.00,43
2016-02-07,0.00,43
2016-02-08,0.00,43
2016-02-09,0.00,43
2016-02-10,0.00,43
2016-02-11,2.61,43
2016-02-12,0.00,43
2016-02-13,0.00,43
2016-02-14,18.75,43
2016-02-15,0.00,43
2016-02-16,0.00,43
2016-02-17,2.28,43
2016-02-18,5.49,43
2016-02-19,0.00,43
2016-02-20,0.98,43
2016-02-21,0.00,43
2016-02-22,0.00,43
2016-02-23,0.00,43
2016-02-24,0.00,43
2016-02-25,0.00,43
2016-02-26,5.17,43
2016-02-27,8.28,43
2016-02-28,0.00,43
2016-02-29,0.00,43
2016-03-01,0.00,43
2016-03-02,0.00,43
2016-03-03,0.00,43
2016-03-04,0.00,43
2016-03-05,0.00,43
2016-03-06,0.00,43
2016-03-07,0.00,43
2016-03-08,1.29,43
2016-03-09,19.62,43
2016-03-10,37.56,43
2016-03-11,7.84,43
2016-03-12,5.25,43
2016-03-13,42.53,43
2016-03-14,10.52,43
2016-03-15,9.20,43
2016-03-16,5.85,43
2016-03-17,0.32,43
2016-03-18,51.07,43
2016-03-19,10.78,43
2016-03-20,1.51,43
2016-03-21,6.70,43
2016-03-22,1.26,43
2016-03-23,47.68,43
2016-03-24,9.40,43
2016-03-25,16.36,43
2016-03-26,0.00,43
2016-03-27,0.00,43
2016-03-28,0.00,43
2016-03-29,0.00,43
2016-03-30,0.00,43
2016-03-31,0.00,43
2016-04-01,0.00,43
2016-04-02,0.00,43
2016-04-03,0.00,43
2016-04-04,0.00,43
2016-04-05,0.00,43
2016-04-06,0.00,43
2016-04-07,0.00,43
2016-04-08,0.00,43
2016-04-09,0.00,43
2016-04-10,18.26,43
2016-04-11,3.97,43
2016-04-12,15.44,43
2016-04-13,81.12,43
2016-04-14,21.67,43
2016-04-15,5.18,43
2016-04-16,0.14,43
2016-04-17,0.00,43
2016-04-18,19.37,43
2016-04-19,0.00,43
2016-04-20,0.00,43
2016-04-21,0.00,43
2016-04-22,0.00,43
2016-04-23,0.00,43
2016-04-24,6.46,43
2016-04-25,0.25,43
2016-04-26,0.00,43
2016-04-27,35.75,43
2016-04-28,42.24,43
2016-04-29,0.00,43
2016-04-30,0.00,43
2016-05-01,2.33,43
2016-05-02,0.00,43
2016-05-03,0.17,43
2016-05-04,0.00,43
2016-05-05,0.00,43
2016-05-06,0.00,43
2016-05-07,0.00,43
2016-05-08,0.00,43
2016-05-09,0.00,43
2016-05-10,16.02,43
2016-05-11,42.77,43
2016-05-12,0.00,43
2016-05-13,0.24,43
2016-05-14,0.00,43
2016-05-15,0.00,43
2016-05-16,46.03,43
2016-05-17,0.00,43
2016-05-18,0.00,43
2016-05-19,0.00,43
2016-05-20,0.00,43
2016-05-21,1.37,43
2016-05-22,12.59,43
2016-05-23,8.47,43
2016-05-24,0.80,43
2016-05-25,0.02,43
2016-05-26,0.00,43
2016-05-27,1.50,43
2016-05-28,0.00,43
2016-05-29,0.00,43
2016-05-30,0.00,43
2016-05-31,0.00,43
2016-06-01,0.00,43
2016-06-02,1.51,43
2016-06-03,4.68,43
2016-06-04,0.00,43
2016-06-05,0.26,43
2016-06-06,0.67,43
2016-06-07,1.48,43
2016-06-08,0.00,43
2016-06-09,0.00,43
2016-06-10,17.87,43
2016-06-11,6.24,43
2016-06-12,2.27,43
2016-06-13,19.29,43
2016-06-14,73.88,43
2016-06-15,0.00,43
2016-06-16,0.00,43
2016-06-17,0.00,43
2016-06-18,0.00,43
2016-06-19,0.00,43
2016-06-20,0.00,43
2016-06-21,0.00,43
2016-06-22,0.00,43
2016-06-23,0.00,43
2016-06-24,0.00,43
2016-06-25,0.00,43
2016-06-26,0.00,43
2016-06-27,0.00,43
2016-06-28,20.22,43
2016-06-29,0.00,43
2016-06-30,0.00,43
2016-07-01,0.00,43
2016-07-02,23.38,43
2016-07-03,4.58,43
2016-07-04,0.00,43
2016-07-05,0.00,43
2016-07-06,0.00,43
2016-07-07,0.00,43
2016-07-08,1.13,43
2016-07-09,0.00,43
2016-07-10,0.00,43
2016-07-11,0.00,43
2016-07-12,0.00,43
2016-07-13,0.00,43
2016-07-14,0.00,43
2016-07-15,0.00,43
2016-07-16,0.00,43
2016-07-17,0.00,43
2016-07-18,0.00,43
2016-07-19,0.00,43
2016-07-20,0.00,43
2016-07-21,0.00,43
2016-07-22,0.00,43
2016-07-23,0.00,43
2016-07-24,0.00,43
2016-07-25,0.00,43
2016-07-26,0.01,43
2016-07-27,0.00,43
2016-07-28,0.00,43
2016-07-29,0.00,43
2016-07-30,0.00,43
2016-07-31,0.00,43
2016-08-01,7.57,43
2016-08-02,20.72,43
2016-08-03,0.00,43
2016-08-04,0.00,43
2016-08-05,0.00,43
2016-08-06,0.00,43
2016-08-07,0.00,43
2016-08-08,0.00,43
2016-08-09,0.00,43
2016-08-10,0.18,43
2016-08-11,22.42,43
2016-08-12,14.21,43
2016-08-13,1.23,43
2016-08-14,0.00,43
2016-08-15,0.00,43
2016-08-16,3.65,43
2016-08-17,0.72,43
2016-08-18,0.02,43
2016-08-19,0.00,43
2016-08-20,0.00,43
2016-08-21,0.00,43
2016-08-22,0.00,43
2016-08-23,0.00,43
2016-08-24,0.00,43
2016-08-25,0.00,43
2016-08-26,0.00,43
2016-08-27,9.97,43
2016-08-28,0.02,43
2016-08-29,0.00,43
2016-08-30,0.00,43
2016-08-31,0.00,43
2016-09-01,0.00,43
2016-09-02,10.74,43
2016-09-03,11.32,43
2016-09-04,0.00,43
2016-09-05,0.02,43
2016-09-06,28.71,43
2016-09-07,0.25,43
2016-09-08,0.00,43
2016-09-09,10.97,43
2016-09-10,0.01,43
2016-09-11,0.00,43
2016-09-12,0.00,43
2016-09-13,1.01,43
2016-09-14,0.03,43
2016-09-15,0.02,43
2016-09-16,0.00,43
2016-09-17,45.00,43
2016-09-18,2.23,43
2016-09-19,0.00,43
2016-09-20,0.00,43
2016-09-21,0.00,43
2016-09-22,0.00,43
2016-09-23,0.00,43
2016-09-24,0.00,43
2016-09-25,0.00,43
2016-09-26,8.28,43
2016-09-27,38.64,43
2016-09-28,2.95,43
2016-09-29,9.30,43
2016-09-30,13.04,43
2016-10-01,0.00,43
2016-10-02,0.00,43
2016-10-03,0.00,43
2016-10-04,0.00,43
2016-10-05,0.00,43
2016-10-06,1.26,43
2016-10-07,3.41,43
2016-10-08,2.29,43
2016-10-09,1.41,43
2016-10-10,0.26,43
2016-10-11,0.39,43
2016-10-12,0.00,43
2016-10-13,0.00,43
2016-10-14,0.00,43
2016-10-15,0.00,43
2016-10-16,0.00,43
2016-10-17,0.00,43
2016-10-18,0.00,43
2016-10-19,0.00,43
2016-10-20,0.00,43
2016-10-21,0.21,43
2016-10-22,0.13,43
2016-10-23,0.00,43
2016-10-24,0.00,43
2016-10-25,0.00,43
2016-10-26,0.00,43
2016-10-27,0.00,43
2016-10-28,0.00,43
2016-10-29,0.00,43
2016-10-30,0.00,43
2016-10-31,0.00,43
2016-11-01,0.00,43
2016-11-02,0.00,43
2016-11-03,0.00,43
2016-11-04,0.00,43
2016-11-05,0.00,43
2016-11-06,0.00,43
2016-11-07,0.00,43
2016-11-08,0.00,43
2016-11-09,0.00,43
2016-11-10,4.44,43
2016-11-11,0.00,43
2016-11-12,0.00,43
2016-11-13,0.00,43
2016-11-14,0.00,43
2016-11-15,0.00,43
2016-11-16,0.00,43
2016-11-17,0.00,43
2016-11-18,0.45,43
2016-11-19,0.00,43
2016-11-20,12.45,43
2016-11-21,22.48,43
2016-11-22,2.90,43
2016-11-23,51.89,43
2016-11-24,0.00,43
2016-11-25,0.00,43
2016-11-26,2.29,43
2016-11-27,11.65,43
2016-11-28,0.00,43
2016-11-29,0.00,43
2016-11-30,0.00,43
2016-12-01,0.00,43
2016-12-02,0.00,43
2016-12-03,0.00,43
2016-12-04,0.00,43
2016-12-05,0.00,43
2016-12-06,0.00,43
2016-12-07,0.00,43
2016-12-08,0.00,43
2016-12-09,0.00,43
2016-12-10,0.00,43
2016-12-11,0.00,43
2016-12-12,0.00,43
2016-12-13,0.00,43
2016-12-14,0.00,43
2016-12-15,0.00,43
2016-12-16,0.00,43
2016-12-17,0.00,43
2016-12-18,0.00,43
2016-12-19,0.00,43
2016-12-20,0.00,43
2016-12-21,0.00,43
2016-12-22,4.51,43
2016-12-23,0.00,43
2016-12-24,0.00,43
2016-12-25,0.00,43
2016-12-26,0.00,43
2016-12-27,0.00,43
2016-12-28,2.39,43
2016-12-29,0.00,43
2016-12-30,0.00,43
2016-12-31,0.00,43
2017-01-01,0.00,43
2017-01-02,0.00,43
2017-01-03,0.00,43
2017-01-04,0.00,43
2017-01-05,0.00,43
2017-01-06,0.07,43
2017-01-07,0.00,43
2017-01-08,0.00,43
2017-01-09,0.00,43
2017-01-10,0.00,43
2017-01-11,0.00,43
2017-01-12,0.00,43
2017-01-13,5.30,43
2017-01-14,14.27,43
2017-01-15,0.26,43
2017-01-16,0.00,43
2017-01-17,0.00,43
2017-01-18,0.20,43
2017-01-19,0.42,43
2017-01-20,0.04,43
2017-01-21,0.00,43
2017-01-22,0.00,43
2017-01-23,0.00,43
2017-01-24,0.00,43
2017-01-25,0.00,43
2017-01-26,0.00,43
2017-01-27,0.00,43
2017-01-28,0.00,43
2017-01-29,0.00,43
2017-01-30,0.00,43
2017-01-31,0.00,43
2017-02-01,0.00,43
2017-02-02,0.00,43
2017-02-03,0.00,43
2017-02-04,0.00,43
2017-02-05,0.00,43
2017-02-06,0.00,43
2017-02-07,0.00,43
2017-02-08,0.01,43
2017-02-09,1.33,43
2017-02-10,0.00,43
2017-02-11,0.00,43
2017-02-12,0.00,43
2017-02-13,0.00,43
2017-02-14,0.00,43
2017-02-15,0.00,43
2017-02-16,0.00,43
2017-02-17,0.00,43
2017-02-18,0.00,43
2017-02-19,0.00,43
2017-02-20,0.39,43
2017-02-21,0.00,43
2017-02-22,25.86,43
2017-02-23,2.27,43
2017-02-24,17.70,43
2017-02-25,19.93,43
2017-02-26,11.67,43
2017-02-27,0.00,43
2017-02-28,0.00,43
2017-03-01,0.00,43
2017-03-02,0.00,43
2017-03-03,0.00,43
2017-03-04,0.00,43
2017-03-05,0.00,43
2017-03-06,17.49,43
2017-03-07,6.94,43
2017-03-08,0.58,43
2017-03-09,0.00,43
2017-03-10,22.18,43
2017-03-11,0.09,43
2017-03-12,0.00,43
2017-03-13,0.90,43
2017-03-14,4.14,43
2017-03-15,0.00,43
2017-03-16,23.44,43
2017-03-17,0.26,43
2017-03-18,0.00,43
2017-03-19,4.63,43
2017-03-20,0.00,43
2017-03-21,0.00,43
2017-03-22,4.71,43
2017-03-23,3.65,43
2017-03-24,0.00,43
2017-03-25,13.26,43
2017-03-26,9.47,43
2017-03-27,0.00,43
2017-03-28,0.00,43
2017-03-29,0.00,43
2017-03-30,0.00,43
2017-03-31,20.47,43
2017-04-01,5.51,43
2017-04-02,0.00,43
2017-04-03,0.00,43
2017-04-04,0.00,43
2017-04-05,0.00,43
2017-04-06,0.00,43
2017-04-07,1.07,43
2017-04-08,0.00,43
2017-04-09,0.00,43
2017-04-10,0.00,43
2017-04-11,24.31,43
2017-04-12,10.82,43
2017-04-13,12.38,43
2017-04-14,0.00,43
2017-04-15,0.00,43
2017-04-16,0.00,43
2017-04-17,0.00,43
2017-04-18,0.00,43
2017-04-19,0.00,43
2017-04-20,6.05,43
2017-04-21,20.68,43
2017-04-22,5.59,43
2017-04-23,0.00,43
2017-04-24,1.76,43
2017-04-25,0.00,43
2017-04-26,0.00,43
2017-04-27,15.07,43
2017-04-28,0.00,43
2017-04-29,0.00,43
2017-04-30,0.00,43
2017-05-01,0.00,43
2017-05-02,0.00,43
2017-05-03,0.00,43
2017-05-04,0.00,43
2017-05-05,0.00,43
2017-05-06,0.00,43
2017-05-07,0.00,43
2017-05-08,0.00,43
2017-05-09,7.15,43
2017-05-10,0.00,43
2017-05-11,0.00,43
2017-05-12,0.00,43
2017-05-13,1.73,43
2017-05-14,0.00,43
2017-05-15,6.54,43
2017-05-16,50.60,43
2017-05-17,0.00,43
2017-05-18,0.00,43
2017-05-19,2.24,43
2017-05-20,4.51,43
2017-05-21,0.00,43
2017-05-22,0.00,43
2017-05-23,0.00,43
2017-05-24,17.35,43
2017-05-25,2.72,43
2017-05-26,0.00,43
2017-05-27,0.55,43
2017-05-28,0.00,43
2017-05-29,0.00,43
2017-05-30,0.00,43
2017-05-31,0.37,43
2017-06-01,0.00,43
2017-06-02,47.60,43
2017-06-03,67.07,43
2017-06-04,27.27,43
2017-06-05,3.54,43
2017-06-06,0.00,43
2017-06-07,0.00,43
2017-06-08,0.00,43
2017-06-09,0.00,43
2017-06-10,0.00,43
2017-06-11,12.18,43
2017-06-12,5.63,43
2017-06-13,0.00,43
2017-06-14,133.58,43
2017-06-15,71.16,43
2017-06-16,98.70,43
2017-06-17,78.06,43
2017-06-18,40.71,43
2017-06-19,8.93,43
2017-06-20,0.00,43
2017-06-21,0.00,43
2017-06-22,0.00,43
2017-06-23,0.00,43
2017-06-24,0.00,43
2017-06-25,0.00,43
2017-06-26,0.00,43
2017-06-27,0.00,43
2017-06-28,0.00,43
2017-06-29,0.00,43
2017-06-30,5.19,43
2017-07-01,22.25,43
2017-07-02,6.01,43
2017-07-03,0.00,43
2017-07-04,6.39,43
2017-07-05,0.00,43
2017-07-06,0.00,43
2017-07-07,9.55,43
2017-07-08,4.76,43
2017-07-09,0.00,43
2017-07-10,0.00,43
2017-07-11,0.00,43
2017-07-12,0.00,43
2017-07-13,0.00,43
2017-07-14,0.69,43
2017-07-15,0.00,43
2017-07-16,0.00,43
2017-07-17,0.00,43
2017-07-18,0.00,43
2017-07-19,0.00,43
2017-07-20,0.00,43
2017-07-21,0.00,43
2017-07-22,0.00,43
2017-07-23,0.00,43
2017-07-24,0.00,43
2017-07-25,0.00,43
2017-07-26,0.00,43
2017-07-27,0.00,43
2017-07-28,0.00,43
2017-07-29,22.07,43
2017-07-30,6.24,43
2017-07-31,13.91,43
2017-08-01,0.00,43
2017-08-02,9.34,43
2017-08-03,0.03,43
2017-08-04,0.00,43
2017-08-05,0.00,43
2017-08-06,0.00,43
2017-08-07,0.00,43
2017-08-08,0.00,43
2017-08-09,0.00,43
2017-08-10,0.00,43
2017-08-11,0.00,43
2017-08-12,0.00,43
2017-08-13,0.00,43
2017-08-14,0.00,43
2017-08-15,0.00,43
2017-08-16,0.00,43
2017-08-17,0.00,43
2017-08-18,0.00,43
2017-08-19,0.00,43
2017-08-20,0.00,43
2017-08-21,0.00,43
2017-08-22,0.00,43
2017-08-23,9.79,43
2017-08-24,9.77,43
2017-08-25,0.00,43
2017-08-26,0.00,43
2017-08-27,1.70,43
2017-08-28,0.00,43
2017-08-29,0.00,43
2017-08-30,0.00,43
2017-08-31,0.00,43
2017-09-01,0.00,43
2017-09-02,15.82,43
2017-09-03,1.09,43
2017-09-04,3.08,43
2017-09-05,0.00,43
2017-09-06,0.00,43
2017-09-07,11.25,43
2017-09-08,0.00,43
2017-09-09,14.90,43
2017-09-10,0.00,43
2017-09-11,0.00,43
2017-09-12,0.00,43
2017-09-13,1.00,43
2017-09-14,0.83,43
2017-09-15,0.00,43
2017-09-16,0.00,43
2017-09-17,0.00,43
2017-09-18,0.00,43
2017-09-19,0.01,43
2017-09-20,0.00,43
2017-09-21,0.00,43
2017-09-22,0.00,43
2017-09-23,0.00,43
2017-09-24,0.00,43
2017-09-25,0.00,43
2017-09-26,0.00,43
2017-09-27,0.00,43
2017-09-28,0.00,43
2017-09-29,0.00,43
2017-09-30,0.00,43
2017-10-01,0.00,43
2017-10-02,0.00,43
2017-10-03,0.00,43
2017-10-04,0.00,43
2017-10-05,0.00,43
2017-10-06,0.00,43
2017-10-07,0.00,43
2017-10-08,0.00,43
2017-10-09,0.00,43
2017-10-10,0.00,43
2017-10-11,0.00,43
2017-10-12,0.01,43
2017-10-13,20.03,43
2017-10-14,12.15,43
2017-10-15,10.66,43
2017-10-16,0.00,43
2017-10-17,0.00,43
2017-10-18,0.54,43
2017-10-19,0.10,43
2017-10-20,1.48,43
2017-10-21,0.22,43
2017-10-22,0.00,43
2017-10-23,0.00,43
2017-10-24,0.00,43
2017-10-25,0.00,43
2017-10-26,0.00,43
2017-10-27,0.00,43
2017-10-28,0.61,43
2017-10-29,0.00,43
2017-10-30,0.00,43
2017-10-31,0.00,43
2017-11-01,0.00,43
2017-11-02,1.33,43
2017-11-03,0.96,43
2017-11-04,0.00,43
2017-11-05,0.00,43
2017-11-06,0.00,43
2017-11-07,0.00,43
2017-11-08,0.00,43
2017-11-09,0.00,43
2017-11-10,0.00,43
2017-11-11,0.00,43
2017-11-12,0.00,43
2017-11-13,4.90,43
2017-11-14,7.55,43
2017-11-15,0.00,43
2017-11-16,0.00,43
2017-11-17,0.00,43
2017-11-18,3.07,43
2017-11-19,3.12,43
2017-11-20,6.56,43
2017-11-21,1.37,43
2017-11-22,0.19,43
2017-11-23,0.00,43
2017-11-24,0.00,43
2017-11-25,5.55,43
2017-11-26,0.92,43
2017-11-27,0.00,43
2017-11-28,0.00,43
2017-11-29,0.00,43
2017-11-30,0.00,43
2017-12-01,0.00,43
2017-12-02,0.03,43
2017-12-03,0.00,43
2017-12-04,0.00,43
2017-12-05,0.00,43
2017-12-06,0.21,43
2017-12-07,5.62,43
2017-12-08,5.76,43
2017-12-09,2.64,43
2017-12-10,0.00,43
2017-12-11,0.00,43
2017-12-12,0.85,43
2017-12-13,0.00,43
2017-12-14,0.00,43
2017-12-15,0.00,43
2017-12-16,3.23,43
2017-12-17,0.00,43
2017-12-18,0.00,43
2017-12-19,3.70,43
2017-12-20,0.00,43
2017-12-21,0.00,43
2017-12-22,0.00,43
2017-12-23,0.00,43
2017-12-24,0.00,43
2017-12-25,0.00,43
2017-12-26,0.00,43
2017-12-27,0.00,43
2017-12-28,0.01,43
2017-12-29,0.00,43
2017-12-30,0.00,43
2017-12-31,0.00,43
2018-01-01,0.00,43
2018-01-02,0.00,43
2018-01-03,0.00,43
2018-01-04,0.49,43
2018-01-05,1.64,43
2018-01-06,29.63,43
2018-01-07,54.45,43
2018-01-08,110.96,43
2018-01-09,21.09,43
2018-01-10,0.08,43
2018-01-11,0.00,43
2018-01-12,0.00,43
2018-01-13,0.00,43
2018-01-14,0.00,43
2018-01-15,0.00,43
2018-01-16,0.00,43
2018-01-17,0.00,43
2018-01-18,0.00,43
2018-01-19,8.94,43
2018-01-20,0.00,43
2018-01-21,0.00,43
2018-01-22,0.55,43
2018-01-23,0.00,43
2018-01-24,0.00,43
2018-01-25,0.00,43
2018-01-26,0.00,43
2018-01-27,0.00,43
2018-01-28,5.16,43
2018-01-29,5.66,43
2018-01-30,2.69,43
2018-01-31,17.07,43
2018-02-01,4.10,43
2018-02-02,0.64,43
2018-02-03,8.40,43
2018-02-04,4.64,43
2018-02-05,7.66,43
2018-02-06,0.00,43
2018-02-07,4.91,43
2018-02-08,4.46,43
2018-02-09,2.33,43
2018-02-10,2.05,43
2018-02-11,2.17,43
2018-02-12,0.00,43
2018-02-13,0.00,43
2018-02-14,0.00,43
2018-02-15,0.00,43
2018-02-16,0.00,43
2018-02-17,0.00,43
2018-02-18,0.00,43
2018-02-19,0.00,43
2018-02-20,0.00,43
2018-02-21,0.10,43
2018-02-22,23.59,43
2018-02-23,0.00,43
2018-02-24,0.00,43
2018-02-25,4.11,43
2018-02-26,0.00,43
2018-02-27,0.00,43
2018-02-28,6.18,43
2018-03-01,0.00,43
2018-03-02,0.00,43
2018-03-03,0.00,43
2018-03-04,0.00,43
2018-03-05,0.00,43
2018-03-06,0.00,43
2018-03-07,0.12,43
2018-03-08,19.99,43
2018-03-09,0.00,43
2018-03-10,0.00,43
2018-03-11,0.00,43
2018-03-12,0.00,43
2018-03-13,0.00,43
2018-03-14,0.00,43
2018-03-15,6.02,43
2018-03-16,0.00,43
2018-03-17,0.00,43
2018-03-18,0.00,43
2018-03-19,0.00,43
2018-03-20,28.02,43
2018-03-21,0.00,43
2018-03-22,0.00,43
2018-03-23,0.00,43
2018-03-24,0.00,43
2018-03-25,0.00,43
2018-03-26,0.00,43
2018-03-27,0.00,43
2018-03-28,0.00,43
2018-03-29,0.00,43
2018-03-30,0.00,43
2018-03-31,0.00,43
2018-04-01,0.00,43
2018-04-02,0.00,43
2018-04-03,0.00,43
2018-04-04,0.00,43
2018-04-05,0.00,43
2018-04-06,0.00,43
2018-04-07,1.59,43
2018-04-08,0.00,43
2018-04-09,0.00,43
2018-04-10,0.00,43
2018-04-11,0.00,43
2018-04-12,4.91,43
2018-04-13,0.00,43
2018-04-14,0.93,43
2018-04-15,19.55,43
2018-04-16,6.21,43
2018-04-17,13.54,43
2018-04-18,0.00,43
2018-04-19,0.00,43
2018-04-20,0.00,43
2018-04-21,0.00,43
2018-04-22,0.00,43
2018-04-23,0.00,43
2018-04-24,11.55,43
2018-04-25,0.00,43
2018-04-26,0.00,43
2018-04-27,0.00,43
2018-04-28,0.00,43
2018-04-29,0.00,43
2018-04-30,0.00,43
2018-05-01,0.00,43
2018-05-02,0.00,43
2018-05-03,0.42,43
2018-05-04,0.00,43
2018-05-05,0.00,43
2018-05-06,0.00,43
2018-05-07,0.00,43
2018-05-08,50.40,43
2018-05-09,5.64,43
2018-05-10,0.00,43
2018-05-11,0.00,43
2018-05-12,0.00,43
2018-05-13,0.00,43
2018-05-14,0.00,43
2018-05-15,0.00,43
2018-05-16,0.00,43
2018-05-17,0.00,43
2018-05-18,0.00,43
2018-05-19,0.00,43
2018-05-20,0.00,43
2018-05-21,0.00,43
2018-05-22,0.00,43
2018-05-23,0.00,43
2018-05-24,0.00,43
2018-05-25,0.00,43
2018-05-26,0.00,43
2018-05-27,0.00,43
2018-05-28,0.00,43
2018-05-29,0.21,43
2018-05-30,0.00,43
2018-05-31,0.00,43
2018-06-01,1.32,43
2018-06-02,0.00,43
2018-06-03,0.00,43
2018-06-04,0.00,43
2018-06-05,0.19,43
2018-06-06,0.00,43
2018-06-07,0.00,43
2018-06-08,0.00,43
2018-06-09,0.00,43
2018-06-10,0.00,43
2018-06-11,2.74,43
2018-06-12,0.00,43
2018-06-13,0.00,43
2018-06-14,0.00,43
2018-06-15,5.55,43
2018-06-16,0.00,43
2018-06-17,37.85,43
2018-06-18,0.87,43
2018-06-19,0.70,43
2018-06-20,0.00,43
2018-06-21,0.07,43
2018-06-22,0.00,43
2018-06-23,0.21,43
2018-06-24,0.00,43
2018-06-25,0.00,43
2018-06-26,0.00,43
2018-06-27,0.00,43
2018-06-28,0.00,43
2018-06-29,0.24,43
2018-06-30,5.05,43
2018-07-01,0.00,43
2018-07-02,0.00,43
2018-07-03,0.00,43
2018-07-04,0.00,43
2018-07-05,0.00,43
2018-07-06,0.00,43
2018-07-07,8.58,43
2018-07-08,0.00,43
2018-07-09,0.00,43
2018-07-10,16.09,43
2018-07-11,31.44,43
2018-07-12,0.17,43
2018-07-13,0.00,43
2018-07-14,0.00,43
2018-07-15,0.00,43
2018-07-16,0.00,43
2018-07-17,0.00,43
2018-07-18,0.00,43
2018-07-19,0.00,43
2018-07-20,0.00,43
2018-07-21,4.79,43
2018-07-22,1.20,43
2018-07-23,0.00,43
2018-07-24,0.00,43
2018-07-25,0.00,43
2018-07-26,0.00,43
2018-07-27,0.15,43
2018-07-28,0.02,43
2018-07-29,0.00,43
2018-07-30,0.00,43
2018-07-31,0.00,43
2018-08-01,0.00,43
2018-08-02,0.00,43
2018-08-03,0.00,43
2018-08-04,0.03,43
2018-08-05,0.00,43
2018-08-06,1.04,43
2018-08-07,0.00,43
2018-08-08,0.00,43
2018-08-09,0.00,43
2018-08-10,0.00,43
2018-08-11,0.00,43
2018-08-12,4.43,43
2018-08-13,0.00,43
2018-08-14,27.01,43
2018-08-15,0.00,43
2018-08-16,0.04,43
2018-08-17,0.00,43
2018-08-18,2.26,43
2018-08-19,21.37,43
2018-08-20,0.00,43
2018-08-21,0.06,43
2018-08-22,6.31,43
2018-08-23,25.20,43
2018-08-24,14.46,43
2018-08-25,36.71,43
2018-08-26,10.10,43
2018-08-27,53.80,43
2018-08-28,22.13,43
2018-08-29,10.31,43
2018-08-30,0.20,43
2018-08-31,0.00,43
2018-09-01,0.00,43
2018-09-02,0.00,43
2018-09-03,0.00,43
2018-09-04,0.00,43
2018-09-05,0.00,43
2018-09-06,2.58,43
2018-09-07,7.15,43
2018-09-08,24.41,43
2018-09-09,11.04,43
2018-09-10,0.00,43
2018-09-11,0.00,43
2018-09-12,6.17,43
2018-09-13,0.00,43
2018-09-14,0.00,43
2018-09-15,0.00,43
2018-09-16,0.00,43
2018-09-17,0.00,43
2018-09-18,0.00,43
2018-09-19,0.00,43
2018-09-20,0.00,43
2018-09-21,0.00,43
2018-09-22,0.00,43
2018-09-23,0.00,43
2018-09-24,0.00,43
2018-09-25,0.12,43
2018-09-26,6.39,43
2018-09-27,11.67,43
2018-09-28,6.92,43
2018-09-29,5.60,43
2018-09-30,0.00,43
2018-10-01,0.00,43
2018-10-02,0.00,43
2018-10-03,0.00,43
2018-10-04,11.63,43
2018-10-05,0.00,43
2018-10-06,0.00,43
2018-10-07,0.00,43
2018-10-08,0.00,43
2018-10-09,0.00,43
2018-10-10,0.00,43
2018-10-11,0.00,43
2018-10-12,11.84,43
2018-10-13,0.00,43
2018-10-14,0.00,43
2018-10-15,0.00,43
2018-10-16,0.00,43
2018-10-17,8.12,43
2018-10-18,0.00,43
2018-10-19,0.82,43
2018-10-20,0.00,43
2018-10-21,0.00,43
2018-10-22,0.00,43
2018-10-23,0.29,43
2018-10-24,0.00,43
2018-10-25,0.00,43
2018-10-26,0.00,43
2018-10-27,0.00,43
2018-10-28,0.00,43
2018-10-29,0.00,43
2018-10-30,0.00,43
2018-10-31,0.37,43
2018-11-01,1.67,43
2018-11-02,0.27,43
2018-11-03,0.00,43
2018-11-04,0.00,43
2018-11-05,0.00,43
2018-11-06,0.00,43
2018-11-07,0.00,43
2018-11-08,0.00,43
2018-11-09,0.00,43
2018-11-10,0.00,43
2018-11-11,0.00,43
2018-11-12,0.00,43
2018-11-13,0.00,43
2018-11-14,0.00,43
2018-11-15,0.00,43
2018-11-16,0.00,43
2018-11-17,4.01,43
2018-11-18,1.73,43
2018-11-19,12.28,43
2018-11-20,0.00,43
2018-11-21,0.00,43
2018-11-22,0.00,43
2018-11-23,0.01,43
2018-11-24,0.00,43
2018-11-25,0.08,43
2018-11-26,2.34,43
2018-11-27,0.00,43
2018-11-28,5.56,43
2018-11-29,0.00,43
2018-11-30,0.00,43
2018-12-01,0.00,43
2018-12-02,0.00,43
2018-12-03,0.00,43
2018-12-04,0.00,43
2018-12-05,0.00,43
2018-12-06,0.00,43
2018-12-07,0.37,43
2018-12-08,0.00,43
2018-12-09,0.00,43
2018-12-10,0.29,43
2018-12-11,0.02,43
2018-12-12,0.00,43
2018-12-13,0.00,43
2018-12-14,0.00,43
2018-12-15,0.00,43
2018-12-16,0.00,43
2018-12-17,0.00,43
2018-12-18,0.00,43
2018-12-19,0.00,43
2018-12-20,0.00,43
2018-12-21,0.00,43
2018-12-22,0.00,43
2018-12-23,16.57,43
2018-12-24,6.97,43
2018-12-25,0.00,43
2018-12-26,0.01,43
2018-12-27,0.00,43
2018-12-28,0.00,43
2018-12-29,0.00,43
2018-12-30,0.00,43
2018-12-31,0.00,43
2019-01-01,0.00,43
2019-01-02,0.00,43
2019-01-03,2.37,43
2019-01-04,0.00,43
2019-01-05,6.75,43
2019-01-06,4.63,43
2019-01-07,0.00,43
2019-01-08,0.00,43
2019-01-09,0.00,43
2019-01-10,0.00,43
2019-01-11,0.00,43
2019-01-12,0.00,43
2019-01-13,0.00,43
2019-01-14,0.00,43
2019-01-15,0.00,43
2019-01-16,10.68,43
2019-01-17,5.05,43
2019-01-18,0.00,43
2019-01-19,0.00,43
2019-01-20,0.00,43
2019-01-21,0.00,43
2019-01-22,0.00,43
2019-01-23,0.00,43
2019-01-24,0.00,43
2019-01-25,0.00,43
2019-01-26,0.00,43
2019-01-27,0.00,43
2019-01-28,0.00,43
2019-01-29,0.00,43
2019-01-30,0.00,43
2019-01-31,0.00,43
2019-02-01,0.00,43
2019-02-02,0.00,43
2019-02-03,1.10,43
2019-02-04,0.00,43
2019-02-05,0.00,43
2019-02-06,0.00,43
2019-02-07,0.00,43
2019-02-08,0.00,43
2019-02-09,0.00,43
2019-02-10,0.00,43
2019-02-11,0.00,43
2019-02-12,0.00,43
2019-02-13,0.00,43
2019-02-14,0.00,43
2019-02-15,0.00,43
2019-02-16,0.00,43
2019-02-17,0.00,43
2019-02-18,0.00,43
2019-02-19,1.49,43
2019-02-20,0.00,43
2019-02-21,0.05,43
2019-02-22,0.27,43
2019-02-23,3.97,43
2019-02-24,56.29,43
2019-02-25,0.00,43
2019-02-26,0.00,43
2019-02-27,0.00,43
2019-02-28,0.00,43
2019-03-01,0.00,43
2019-03-02,0.00,43
2019-03-03,19.65,43
2019-03-04,0.00,43
2019-03-05,10.52,43
2019-03-06,21.59,43
2019-03-07,26.39,43
2019-03-08,14.90,43
2019-03-09,93.79,43
2019-03-10,29.84,43
2019-03-11,0.01,43
2019-03-12,0.00,43
2019-03-13,0.00,43
2019-03-14,0.00,43
2019-03-15,5.46,43
2019-03-16,0.00,43
2019-03-17,0.00,43
2019-03-18,0.00,43
2019-03-19,0.00,43
2019-03-20,0.00,43
2019-03-21,0.00,43
2019-03-22,0.00,43
2019-03-23,5.75,43
2019-03-24,7.66,43
2019-03-25,28.22,43
2019-03-26,0.00,43
2019-03-27,0.00,43
2019-03-28,0.00,43
2019-03-29,9.28,43
2019-03-30,1.59,43
2019-03-31,0.00,43
2019-04-01,4.34,43
2019-04-02,0.00,43
2019-04-03,0.11,43
2019-04-04,0.00,43
2019-04-05,0.00,43
2019-04-06,0.00,43
2019-04-07,0.00,43
2019-04-08,0.00,43
2019-04-09,0.00,43
2019-04-10,0.00,43
2019-04-11,23.87,43
2019-04-12,0.51,43
2019-04-13,5.08,43
2019-04-14,1.00,43
2019-04-15,0.43,43
2019-04-16,36.70,43
2019-04-17,0.00,43
2019-04-18,0.00,43
2019-04-19,8.93,43
2019-04-20,19.28,43
2019-04-21,97.61,43
2019-04-22,0.00,43
2019-04-23,0.00,43
2019-04-24,0.00,43
2019-04-25,0.00,43
2019-04-26,0.00,43
2019-04-27,0.00,43
2019-04-28,0.00,43
2019-04-29,0.00,43
2019-04-30,0.54,43
2019-05-01,81.67,43
2019-05-02,8.30,43
2019-05-03,2.22,43
2019-05-04,3.70,43
2019-05-05,0.93,43
2019-05-06,7.57,43
2019-05-07,4.75,43
2019-05-08,0.02,43
2019-05-09,13.01,43
2019-05-10,0.93,43
2019-05-11,0.00,43
2019-05-12,0.00,43
2019-05-13,0.00,43
2019-05-14,0.00,43
2019-05-15,0.00,43
2019-05-16,0.00,43
2019-05-17,215.04,43
2019-05-18,1.30,43
2019-05-19,0.00,43
2019-05-20,27.67,43
2019-05-21,0.00,43
2019-05-22,0.00,43
2019-05-23,7.60,43
2019-05-24,0.00,43
2019-05-25,0.00,43
2019-05-26,0.00,43
2019-05-27,8.67,43
2019-05-28,69.14,43
2019-05-29,0.00,43
2019-05-30,0.00,43
2019-05-31,0.00,43
2019-06-01,0.43,43
2019-06-02,0.00,43
2019-06-03,0.13,43
2019-06-04,44.65,43
2019-06-05,0.00,43
2019-06-06,0.00,43
2019-06-07,0.00,43
2019-06-08,0.00,43
2019-06-09,0.00,43
2019-06-10,11.21,43
2019-06-11,79.29,43
2019-06-12,32.61,43
2019-06-13,65.29,43
2019-06-14,124.39,43
2019-06-15,0.00,43
2019-06-16,0.00,43
2019-06-17,3.66,43
2019-06-18,0.00,43
2019-06-19,0.00,43
2019-06-20,0.00,43
2019-06-21,0.00,43
2019-06-22,0.00,43
2019-06-23,69.78,43
2019-06-24,28.19,43
2019-06-25,3.15,43
2019-06-26,0.00,43
2019-06-27,0.00,43
2019-06-28,0.00,43
2019-06-29,0.00,43
2019-06-30,0.00,43
2019-07-01,0.00,43
2019-07-02,16.15,43
2019-07-03,0.00,43
2019-07-04,0.00,43
2019-07-05,0.00,43
2019-07-06,0.27,43
2019-07-07,0.00,43
2019-07-08,0.00,43
2019-07-09,0.00,43
2019-07-10,0.00,43
2019-07-11,0.00,43
2019-07-12,0.00,43
2019-07-13,0.00,43
2019-07-14,0.00,43
2019-07-15,0.00,43
2019-07-16,0.00,43
2019-07-17,0.00,43
2019-07-18,0.00,43
2019-07-19,0.00,43
2019-07-20,0.00,43
2019-07-21,0.00,43
2019-07-22,7.95,43
2019-07-23,0.51,43
2019-07-24,0.00,43
2019-07-25,0.00,43
2019-07-26,0.00,43
2019-07-27,16.38,43
2019-07-28,7.29,43
2019-07-29,0.00,43
2019-07-30,0.00,43
2019-07-31,0.00,43
2019-08-01,8.42,43
2019-08-02,0.40,43
2019-08-03,0.00,43
2019-08-04,0.00,43
2019-08-05,0.00,43
2019-08-06,0.00,43
2019-08-07,7.60,43
2019-08-08,71.26,43
2019-08-09,52.31,43
2019-08-10,3.78,43
2019-08-11,0.01,43
2019-08-12,7.63,43
2019-08-13,0.00,43
2019-08-14,0.00,43
2019-08-15,0.05,43
2019-08-16,16.85,43
2019-08-17,0.00,43
2019-08-18,0.35,43
2019-08-19,38.79,43
2019-08-20,0.00,43
2019-08-21,4.85,43
2019-08-22,0.00,43
2019-08-23,0.00,43
2019-08-24,0.00,43
2019-08-25,9.85,43
2019-08-26,2.19,43
2019-08-27,0.00,43
2019-08-28,0.00,43
2019-08-29,0.00,43
2019-08-30,0.55,43
2019-08-31,0.00,43
2019-09-01,0.72,43
2019-09-02,0.00,43
2019-09-03,0.00,43
2019-09-04,7.16,43
2019-09-05,22.90,43
2019-09-06,0.13,43
2019-09-07,0.00,43
2019-09-08,0.00,43
2019-09-09,0.00,43
2019-09-10,0.00,43
2019-09-11,0.00,43
2019-09-12,0.00,43
2019-09-13,0.00,43
2019-09-14,0.00,43
2019-09-15,11.91,43
2019-09-16,0.00,43
2019-09-17,0.00,43
2019-09-18,1.24,43
2019-09-19,0.02,43
2019-09-20,9.45,43
2019-09-21,5.50,43
2019-09-22,0.00,43
2019-09-23,0.00,43
2019-09-24,0.00,43
2019-09-25,0.00,43
2019-09-26,0.00,43
2019-09-27,0.00,43
2019-09-28,0.00,43
2019-09-29,0.61,43
2019-09-30,21.04,43
2019-10-01,8.08,43
2019-10-02,0.00,43
2019-10-03,0.00,43
2019-10-04,0.00,43
2019-10-05,0.00,43
2019-10-06,0.00,43
2019-10-07,0.00,43
2019-10-08,0.00,43
2019-10-09,0.00,43
2019-10-10,0.00,43
2019-10-11,0.00,43
2019-10-12,0.00,43
2019-10-13,0.00,43
2019-10-14,0.00,43
2019-10-15,0.00,43
2019-10-16,0.00,43
2019-10-17,0.00,43
2019-10-18,0.00,43
2019-10-19,0.00,43
2019-10-20,0.00,43
2019-10-21,0.00,43
2019-10-22,0.00,43
2019-10-23,0.00,43
2019-10-24,0.00,43
2019-10-25,0.00,43
2019-10-26,0.00,43
2019-10-27,0.00,43
2019-10-28,0.00,43
2019-10-29,0.12,43
2019-10-30,0.00,43
2019-10-31,0.00,43
2019-11-01,0.00,43
2019-11-02,0.00,43
2019-11-03,0.00,43
2019-11-04,0.00,43
2019-11-05,0.00,43
2019-11-06,0.00,43
2019-11-07,0.00,43
2019-11-08,0.00,43
2019-11-09,0.00,43
2019-11-10,0.00,43
2019-11-11,0.00,43
2019-11-12,0.00,43
2019-11-13,0.00,43
2019-11-14,0.00,43
2019-11-15,0.00,43
2019-11-16,0.00,43
2019-11-17,0.00,43
2019-11-18,0.00,43
2019-11-19,0.00,43
2019-11-20,0.00,43
2019-11-21,0.33,43
2019-11-22,3.57,43
2019-11-23,0.11,43
2019-11-24,0.00,43
2019-11-25,0.00,43
2019-11-26,0.00,43
2019-11-27,0.00,43
2019-11-28,0.00,43
2019-11-29,0.00,43
2019-11-30,0.00,43
2019-12-01,0.00,43
2019-12-02,0.00,43
2019-12-03,0.00,43
2019-12-04,0.00,43
2019-12-05,41.29,43
2019-12-06,36.92,43
2019-12-07,2.67,43
2019-12-08,0.00,43
2019-12-09,0.00,43
2019-12-10,0.00,43
2019-12-11,0.00,43
2019-12-12,0.00,43
2019-12-13,0.00,43
2019-12-14,0.00,43
2019-12-15,0.00,43
2019-12-16,0.00,43
2019-12-17,0.00,43
2019-12-18,0.00,43
2019-12-19,0.00,43
2019-12-20,2.29,43
2019-12-21,0.91,43
2019-12-22,0.81,43
2019-12-23,0.00,43
2019-12-24,0.00,43
2019-12-25,0.00,43
2019-12-26,0.00,43
2019-12-27,0.00,43
2019-12-28,0.00,43
2019-12-29,37.67,43
2019-12-30,26.27,43
2019-12-31,0.00,43
2020-01-01,0.00,43
2020-01-02,0.00,43
2020-01-03,0.00,43
2020-01-04,0.00,43
2020-01-05,0.00,43
2020-01-06,0.00,43
2020-01-07,0.00,43
2020-01-08,0.00,43
2020-01-09,0.00,43
2020-01-10,0.00,43
2020-01-11,0.00,43
2020-01-12,0.00,43
2020-01-13,0.00,43
2020-01-14,1.78,43
2020-01-15,0.00,43
2020-01-16,0.00,43
2020-01-17,0.00,43
2020-01-18,0.00,43
2020-01-19,0.00,43
2020-01-20,0.00,43
2020-01-21,0.00,43
2020-01-22,0.00,43
2020-01-23,0.00,43
2020-01-24,0.00,43
2020-01-25,0.63,43
2020-01-26,37.67,43
2020-01-27,0.47,43
2020-01-28,0.03,43
2020-01-29,0.00,43
2020-01-30,0.00,43
2020-01-31,0.00,43
2020-02-01,0.00,43
2020-02-02,0.00,43
2020-02-03,0.00,43
2020-02-04,2.00,43
2020-02-05,0.96,43
2020-02-06,0.00,43
2020-02-07,3.89,43
2020-02-08,0.00,43
2020-02-09,0.00,43
2020-02-10,0.00,43
2020-02-11,0.00,43
2020-02-12,0.00,43
2020-02-13,1.59,43
2020-02-14,0.00,43
2020-02-15,2.82,43
2020-02-16,44.63,43
2020-02-17,0.00,43
2020-02-18,0.00,43
2020-02-19,0.00,43
2020-02-20,0.00,43
2020-02-21,0.00,43
2020-02-22,0.00,43
2020-02-23,0.00,43
2020-02-24,0.00,43
2020-02-25,0.00,43
2020-02-26,0.00,43
2020-02-27,0.00,43
2020-02-28,0.00,43
2020-02-29,0.00,43
2020-03-01,0.00,43
2020-03-02,0.00,43
2020-03-03,0.00,43
2020-03-04,0.25,43
2020-03-05,7.23,43
2020-03-06,0.00,43
2020-03-07,0.00,43
2020-03-08,0.00,43
2020-03-09,0.04,43
2020-03-10,55.29,43
2020-03-11,0.00,43
2020-03-12,1.10,43
2020-03-13,16.70,43
2020-03-14,3.56,43
2020-03-15,0.00,43
2020-03-16,0.00,43
2020-03-17,0.00,43
2020-03-18,0.86,43
2020-03-19,5.82,43
2020-03-20,0.00,43
2020-03-21,0.00,43
2020-03-22,0.00,43
2020-03-23,0.00,43
2020-03-24,0.00,43
2020-03-25,0.00,43
2020-03-26,0.00,43
2020-03-27,0.00,43
2020-03-28,18.46,43
2020-03-29,0.00,43
2020-03-30,1.92,43
2020-03-31,4.54,43
2020-04-01,11.28,43
2020-04-02,18.82,43
2020-04-03,0.00,43
2020-04-04,0.00,43
2020-04-05,2.68,43
2020-04-06,7.17,43
2020-04-07,1.74,43
2020-04-08,0.00,43
2020-04-09,0.00,43
2020-04-10,0.00,43
2020-04-11,17.87,43
2020-04-12,2.10,43
2020-04-13,0.00,43
2020-04-14,0.00,43
2020-04-15,0.00,43
2020-04-16,0.00,43
2020-04-17,0.00,43
2020-04-18,0.00,43
2020-04-19,0.00,43
2020-04-20,0.00,43
2020-04-21,0.00,43
2020-04-22,3.63,43
2020-04-23,7.38,43
2020-04-24,1.11,43
2020-04-25,0.00,43
2020-04-26,0.00,43
2020-04-27,0.00,43
2020-04-28,0.00,43
2020-04-29,0.00,43
2020-04-30,0.00,43
2020-05-01,0.00,43
2020-05-02,0.00,43
2020-05-03,0.00,43
2020-05-04,0.00,43
2020-05-05,0.00,43
2020-05-06,0.00,43
2020-05-07,21.97,43
2020-05-08,0.00,43
2020-05-09,0.00,43
2020-05-10,0.00,43
2020-05-11,0.00,43
2020-05-12,7.40,43
2020-05-13,0.00,43
2020-05-14,0.00,43
2020-05-15,0.00,43
2020-05-16,10.17,43
2020-05-17,0.00,43
2020-05-18,32.13,43
2020-05-19,14.45,43
2020-05-20,0.78,43
2020-05-21,34.64,43
2020-05-22,116.23,43
2020-05-23,5.33,43
2020-05-24,0.00,43
2020-05-25,0.00,43
2020-05-26,3.27,43
2020-05-27,31.35,43
2020-05-28,86.82,43
2020-05-29,0.27,43
2020-05-30,0.00,43
2020-05-31,0.00,43
2020-06-01,0.00,43
2020-06-02,1.38,43
2020-06-03,0.00,43
2020-06-04,0.00,43
2020-06-05,0.00,43
2020-06-06,0.00,43
2020-06-07,23.76,43
2020-06-08,8.95,43
2020-06-09,0.05,43
2020-06-10,0.00,43
2020-06-11,0.00,43
2020-06-12,0.00,43
2020-06-13,0.00,43
2020-06-14,3.54,43
2020-06-15,0.12,43
2020-06-16,0.00,43
2020-06-17,0.00,43
2020-06-18,0.00,43
2020-06-19,0.00,43
2020-06-20,0.00,43
2020-06-21,0.00,43
2020-06-22,0.00,43
2020-06-23,0.00,43
2020-06-24,0.00,43
2020-06-25,0.00,43
2020-06-26,0.00,43
2020-06-27,0.00,43
2020-06-28,0.00,43
2020-06-29,0.00,43
2020-06-30,0.00,43
2020-07-01,0.30,43
2020-07-02,0.19,43
2020-07-03,0.00,43
2020-07-04,0.00,43
2020-07-05,0.00,43
2020-07-06,0.00,43
2020-07-07,0.00,43
2020-07-08,0.00,43
2020-07-09,0.00,43
2020-07-10,0.00,43
2020-07-11,0.00,43
2020-07-12,0.00,43
2020-07-13,0.00,43
2020-07-14,0.00,43
2020-07-15,0.00,43
2020-07-16,0.00,43
2020-07-17,0.00,43
2020-07-18,0.00,43
2020-07-19,0.00,43
2020-07-20,0.00,43
2020-07-21,0.00,43
2020-07-22,0.00,43
2020-07-23,0.00,43
2020-07-24,0.00,43
2020-07-25,0.00,43
2020-07-26,0.00,43
2020-07-27,0.00,43
2020-07-28,1.10,43
2020-07-29,0.62,43
2020-07-30,0.00,43
2020-07-31,0.00,43
2020-08-01,0.00,43
2020-08-02,0.67,43
2020-08-03,29.32,43
2020-08-04,0.74,43
2020-08-05,3.81,43
2020-08-06,0.00,43
2020-08-07,0.00,43
2020-08-08,0.00,43
2020-08-09,0.00,43
2020-08-10,13.00,43
2020-08-11,41.71,43
2020-08-12,2.81,43
2020-08-13,0.00,43
2020-08-14,6.47,43
2020-08-15,9.95,43
2020-08-16,0.85,43
2020-08-17,0.00,43
2020-08-18,0.00,43
2020-08-19,0.00,43
2020-08-20,0.00,43
2020-08-21,0.00,43
2020-08-22,1.99,43
2020-08-23,10.14,43
2020-08-24,0.00,43
2020-08-25,0.00,43
2020-08-26,0.00,43
2020-08-27,0.00,43
2020-08-28,0.00,43
2020-08-29,0.67,43
2020-08-30,0.00,43
2020-08-31,6.92,43
2020-09-01,6.20,43
2020-09-02,0.00,43
2020-09-03,6.33,43
2020-09-04,0.00,43
2020-09-05,0.00,43
2020-09-06,0.00,43
2020-09-07,0.00,43
2020-09-08,0.00,43
2020-09-09,0.00,43
2020-09-10,0.00,43
2020-09-11,0.00,43
2020-09-12,0.69,43
2020-09-13,0.00,43
2020-09-14,0.00,43
2020-09-15,0.00,43
2020-09-16,0.00,43
2020-09-17,0.00,43
2020-09-18,0.00,43
2020-09-19,0.00,43
2020-09-20,11.86,43
2020-09-21,0.00,43
2020-09-22,0.00,43
2020-09-23,0.00,43
2020-09-24,0.00,43
2020-09-25,0.00,43
2020-09-26,0.00,43
2020-09-27,22.98,43
2020-09-28,3.16,43
2020-09-29,0.00,43
2020-09-30,1.36,43
2020-10-01,0.00,43
2020-10-02,0.00,43
2020-10-03,0.00,43
2020-10-04,0.00,43
2020-10-05,0.00,43
2020-10-06,0.00,43
2020-10-07,0.00,43
2020-10-08,0.00,43
2020-10-09,0.00,43
2020-10-10,0.00,43
2020-10-11,0.00,43
2020-10-12,0.00,43
2020-10-13,0.00,43
2020-10-14,0.00,43
2020-10-15,0.00,43
2020-10-16,0.00,43
2020-10-17,0.00,43
2020-10-18,0.00,43
2020-10-19,0.00,43
2020-10-20,0.00,43
2020-10-21,0.00,43
2020-10-22,1.28,43
2020-10-23,3.22,43
2020-10-24,0.00,43
2020-10-25,0.00,43
2020-10-26,0.00,43
2020-10-27,0.00,43
2020-10-28,0.00,43
2020-10-29,0.00,43
2020-10-30,0.00,43
2020-10-31,0.00,43
2020-11-01,0.00,43
2020-11-02,0.00,43
2020-11-03,0.01,43
2020-11-04,0.00,43
2020-11-05,0.00,43
2020-11-06,0.00,43
2020-11-07,0.00,43
2020-11-08,0.00,43
2020-11-09,0.00,43
2020-11-10,2.75,43
2020-11-11,0.00,43
2020-11-12,0.00,43
2020-11-13,4.36,43
2020-11-14,0.43,43
2020-11-15,0.00,43
2020-11-16,0.00,43
2020-11-17,0.00,43
2020-11-18,0.00,43
2020-11-19,0.00,43
2020-11-20,0.00,43
2020-11-21,0.00,43
2020-11-22,0.00,43
2020-11-23,0.00,43
2020-11-24,0.00,43
2020-11-25,0.00,43
2020-11-26,0.00,43
2020-11-27,0.00,43
2020-11-28,0.00,43
2020-11-29,0.00,43
2020-11-30,0.00,43
2020-12-01,0.00,43
2020-12-02,0.00,43
2020-12-03,0.00,43
2020-12-04,0.43,43
2020-12-05,0.00,43
2020-12-06,0.00,43
2020-12-07,0.00,43
2020-12-08,1.76,43
2020-12-09,13.41,43
2020-12-10,1.88,43
2020-12-11,2.64,43
2020-12-12,0.00,43
2020-12-13,0.00,43
2020-12-14,0.00,43
2020-12-15,0.00,43
2020-12-16,0.00,43
2020-12-17,0.00,43
2020-12-18,0.60,43
2020-12-19,0.81,43
2020-12-20,0.00,43
2020-12-21,0.58,43
2020-12-22,0.00,43
2020-12-23,15.15,43
2020-12-24,5.33,43
2020-12-25,0.00,43
2020-12-26,0.00,43
2020-12-27,0.40,43
2020-12-28,1.06,43
2020-12-29,0.00,43
2020-12-30,0.13,43
2020-12-31,0.00,43
2021-01-01,0.00,43
2021-01-02,0.00,43
2021-01-03,0.00,43
2021-01-04,0.14,43
2021-01-05,0.00,43
2021-01-06,1.44,43
2021-01-07,4.18,43
2021-01-08,0.18,43
2021-01-09,0.00,43
2021-01-10,0.00,43
2021-01-11,6.49,43
2021-01-12,0.68,43
2021-01-13,0.00,43
2021-01-14,0.00,43
2021-01-15,0.00,43
2021-01-16,0.00,43
2021-01-17,0.00,43
2021-01-18,0.00,43
2021-01-19,0.00,43
2021-01-20,0.00,43
2021-01-21,0.00,43
2021-01-22,0.01,43
2021-01-23,0.00,43
2021-01-24,0.00,43
2021-01-25,0.00,43
2021-01-26,0.00,43
2021-01-27,0.00,43
2021-01-28,0.00,43
2021-01-29,0.00,43
2021-01-30,0.00,43
2021-01-31,0.00,43
2021-02-01,0.00,43
2021-02-02,0.00,43
2021-02-03,0.00,43
2021-02-04,0.00,43
2021-02-05,0.00,43
2021-02-06,0.00,43
2021-02-07,0.00,43
2021-02-08,0.00,43
2021-02-09,0.00,43
2021-02-10,10.06,43
2021-02-11,35.25,43
2021-02-12,3.93,43
2021-02-13,0.00,43
2021-02-14,0.00,43
2021-02-15,0.00,43
2021-02-16,0.00,43
2021-02-17,0.02,43
2021-02-18,0.00,43
2021-02-19,0.00,43
2021-02-20,0.00,43
2021-02-21,0.00,43
2021-02-22,0.00,43
2021-02-23,0.00,43
2021-02-24,0.00,43
2021-02-25,0.00,43
2021-02-26,0.00,43
2021-02-27,0.27,43
2021-02-28,0.00,43
2021-03-01,0.00,43
2021-03-02,8.73,43
2021-03-03,0.00,43
2021-03-04,0.26,43
2021-03-05,0.43,43
2021-03-06,34.40,43
2021-03-07,1.54,43
2021-03-08,0.00,43
2021-03-09,0.00,43
2021-03-10,0.00,43
2021-03-11,0.00,43
2021-03-12,0.00,43
2021-03-13,0.00,43
2021-03-14,0.00,43
2021-03-15,0.00,43
2021-03-16,0.00,43
2021-03-17,0.00,43
2021-03-18,0.00,43
2021-03-19,0.00,43
2021-03-20,0.00,43
2021-03-21,0.00,43
2021-03-22,7.32,43
2021-03-23,1.38,43
2021-03-24,39.56,43
2021-03-25,0.00,43
2021-03-26,0.00,43
2021-03-27,0.00,43
2021-03-28,0.00,43
2021-03-29,0.00,43
2021-03-30,0.00,43
2021-03-31,0.00,43
2021-04-01,0.00,43
2021-04-02,0.00,43
2021-04-03,0.00,43
2021-04-04,0.00,43
2021-04-05,0.00,43
2021-04-06,0.00,43
2021-04-07,0.00,43
2021-04-08,0.08,43
2021-04-09,0.00,43
2021-04-10,0.00,43
2021-04-11,0.00,43
2021-04-12,0.00,43
2021-04-13,0.00,43
2021-04-14,0.00,43
2021-04-15,0.00,43
2021-04-16,0.00,43
2021-04-17,0.63,43
2021-04-18,0.00,43
2021-04-19,0.00,43
2021-04-20,0.00,43
2021-04-21,0.00,43
2021-04-22,0.00,43
2021-04-23,0.34,43
2021-04-24,0.00,43
2021-04-25,0.00,43
2021-04-26,0.00,43
2021-04-27,0.00,43
2021-04-28,30.89,43
2021-04-29,26.65,43
2021-04-30,0.00,43
2021-05-01,0.00,43
2021-05-02,0.00,43
2021-05-03,0.00,43
2021-05-04,0.00,43
2021-05-05,5.47,43
2021-05-06,0.00,43
2021-05-07,0.00,43
2021-05-08,0.00,43
2021-05-09,0.00,43
2021-05-10,0.00,43
2021-05-11,0.00,43
2021-05-12,0.00,43
2021-05-13,0.00,43
2021-05-14,0.00,43
2021-05-15,0.00,43
2021-05-16,0.00,43
2021-05-17,0.00,43
2021-05-18,0.00,43
2021-05-19,0.00,43
2021-05-20,0.00,43
2021-05-21,0.00,43
2021-05-22,0.00,43
2021-05-23,0.00,43
2021-05-24,0.00,43
2021-05-25,0.00,43
2021-05-26,0.00,43
2021-05-27,0.00,43
2021-05-28,0.00,43
2021-05-29,7.78,43
2021-05-30,48.76,43
2021-05-31,83.86,43
2021-06-01,2.71,43
2021-06-02,0.00,43
2021-06-03,0.00,43
2021-06-04,0.03,43
2021-06-05,28.78,43
2021-06-06,61.71,43
2021-06-07,2.98,43
2021-06-08,0.00,43
2021-06-09,0.14,43
2021-06-10,0.00,43
2021-06-11,0.00,43
2021-06-12,0.68,43
2021-06-13,0.00,43
2021-06-14,0.00,43
2021-06-15,0.00,43
2021-06-16,0.00,43
2021-06-17,0.00,43
2021-06-18,0.00,43
2021-06-19,0.00,43
2021-06-20,0.00,43
2021-06-21,0.18,43
2021-06-22,23.91,43
2021-06-23,21.41,43
2021-06-24,10.00,43
2021-06-25,20.95,43
2021-06-26,0.00,43
2021-06-27,0.00,43
2021-06-28,3.20,43
2021-06-29,0.09,43
2021-06-30,0.00,43
2021-07-01,0.00,43
2021-07-02,0.00,43
2021-07-03,0.00,43
2021-07-04,0.00,43
2021-07-05,0.00,43
2021-07-06,0.00,43
2021-07-07,0.00,43
2021-07-08,0.00,43
2021-07-09,0.00,43
2021-07-10,0.00,43
2021-07-11,0.00,43
2021-07-12,0.08,43
2021-07-13,0.43,43
2021-07-14,0.00,43
2021-07-15,0.03,43
2021-07-16,0.24,43
2021-07-17,0.00,43
2021-07-18,0.00,43
2021-07-19,0.00,43
2021-07-20,0.00,43
2021-07-21,37.03,43
2021-07-22,51.29,43
2021-07-23,20.37,43
2021-07-24,24.86,43
2021-07-25,0.00,43
2021-07-26,0.00,43
2021-07-27,0.00,43
2021-07-28,0.00,43
2021-07-29,0.47,43
2021-07-30,0.00,43
2021-07-31,2.21,43
2021-08-01,0.01,43
2021-08-02,18.19,43
2021-08-03,0.26,43
2021-08-04,37.67,43
2021-08-05,4.10,43
2021-08-06,63.80,43
2021-08-07,146.23,43
2021-08-08,0.00,43
2021-08-09,0.00,43
2021-08-10,10.41,43
2021-08-11,0.70,43
2021-08-12,0.00,43
2021-08-13,0.00,43
2021-08-14,0.00,43
2021-08-15,0.00,43
2021-08-16,0.00,43
2021-08-17,0.00,43
2021-08-18,0.00,43
2021-08-19,1.50,43
2021-08-20,0.00,43
2021-08-21,0.00,43
2021-08-22,0.00,43
2021-08-23,0.00,43
2021-08-24,0.01,43
2021-08-25,0.08,43
2021-08-26,0.00,43
2021-08-27,0.00,43
2021-08-28,0.00,43
2021-08-29,0.00,43
2021-08-30,0.00,43
2021-08-31,0.24,43
2021-09-01,0.00,43
2021-09-02,0.00,43
2021-09-03,0.00,43
2021-09-04,0.14,43
2021-09-05,0.00,43
2021-09-06,0.00,43
2021-09-07,0.00,43
2021-09-08,0.16,43
2021-09-09,0.00,43
2021-09-10,0.00,43
2021-09-11,0.00,43
2021-09-12,20.47,43
2021-09-13,0.00,43
2021-09-14,0.00,43
2021-09-15,0.00,43
2021-09-16,0.00,43
2021-09-17,0.16,43
2021-09-18,0.00,43
2021-09-19,0.00,43
2021-09-20,0.00,43
2021-09-21,0.00,43
2021-09-22,0.00,43
2021-09-23,0.00,43
2021-09-24,0.00,43
2021-09-25,0.00,43
2021-09-26,0.00,43
2021-09-27,0.00,43
2021-09-28,0.00,43
2021-09-29,0.00,43
2021-09-30,0.00,43
2021-10-01,0.00,43
2021-10-02,0.00,43
2021-10-03,0.00,43
2021-10-04,0.00,43
2021-10-05,0.00,43
2021-10-06,0.00,43
2021-10-07,0.00,43
2021-10-08,0.00,43
2021-10-09,0.00,43
2021-10-10,0.01,43
2021-10-11,12.85,43
2021-10-12,2.23,43
2021-10-13,0.86,43
2021-10-14,0.08,43
2021-10-15,0.00,43
2021-10-16,10.30,43
2021-10-17,0.01,43
2021-10-18,0.00,43
2021-10-19,0.00,43
2021-10-20,0.00,43
2021-10-21,3.15,43
2021-10-22,13.61,43
2021-10-23,0.00,43
2021-10-24,15.36,43
2021-10-25,0.00,43
2021-10-26,0.00,43
2021-10-27,0.00,43
2021-10-28,0.00,43
2021-10-29,0.00,43
2021-10-30,0.00,43
2021-10-31,0.00,43
2021-11-01,0.00,43
2021-11-02,0.00,43
2021-11-03,0.00,43
2021-11-04,0.00,43
2021-11-05,0.00,43
2021-11-06,0.00,43
2021-11-07,0.00,43
2021-11-08,10.37,43
2021-11-09,0.00,43
2021-11-10,0.00,43
2021-11-11,0.00,43
2021-11-12,2.25,43
2021-11-13,4.89,43
2021-11-14,0.00,43
2021-11-15,0.00,43
2021-11-16,0.00,43
2021-11-17,0.00,43
2021-11-18,5.05,43
2021-11-19,0.00,43
2021-11-20,0.00,43
2021-11-21,0.00,43
2021-11-22,0.02,43
2021-11-23,0.00,43
2021-11-24,0.00,43
2021-11-25,0.00,43
2021-11-26,0.07,43
2021-11-27,1.72,43
2021-11-28,0.00,43
2021-11-29,0.00,43
2021-11-30,0.21,43
2021-12-01,0.00,43
2021-12-02,0.00,43
2021-12-03,0.00,43
2021-12-04,0.00,43
2021-12-05,0.00,43
2021-12-06,0.38,43
2021-12-07,0.00,43
2021-12-08,0.00,43
2021-12-09,0.00,43
2021-12-10,0.00,43
2021-12-11,0.00,43
2021-12-12,0.00,43
2021-12-13,0.00,43
2021-12-14,0.00,43
2021-12-15,0.00,43
2021-12-16,0.00,43
2021-12-17,0.00,43
2021-12-18,0.00,43
2021-12-19,0.00,43
2021-12-20,0.00,43
2021-12-21,47.11,43
2021-12-22,9.60,43
2021-12-23,0.33,43
2021-12-24,2.39,43
2021-12-25,0.00,43
2021-12-26,0.00,43
2021-12-27,1.82,43
2021-12-28,0.00,43
2021-12-29,0.00,43
2021-12-30,0.00,43
2021-12-31,0.00,43
2022-01-01,0.00,43
2022-01-02,0.00,43
2022-01-03,0.00,43
2022-01-04,0.00,43
2022-01-05,0.00,43
2022-01-06,4.20,43
2022-01-07,1.07,43
2022-01-08,0.00,43
2022-01-09,0.00,43
2022-01-10,0.00,43
2022-01-11,2.46,43
2022-01-12,0.01,43
2022-01-13,0.00,43
2022-01-14,0.00,43
2022-01-15,0.00,43
2022-01-16,0.00,43
2022-01-17,2.14,43
2022-01-18,0.00,43
2022-01-19,0.00,43
2022-01-20,0.04,43
2022-01-21,27.26,43
2022-01-22,24.58,43
2022-01-23,0.91,43
2022-01-24,1.31,43
2022-01-25,0.00,43
2022-01-26,0.00,43
2022-01-27,0.00,43
2022-01-28,0.00,43
2022-01-29,4.93,43
2022-01-30,3.01,43
2022-01-31,0.00,43
2022-02-01,15.99,43
2022-02-02,1.06,43
2022-02-03,19.92,43
2022-02-04,0.48,43
2022-02-05,0.00,43
2022-02-06,0.00,43
2022-02-07,8.39,43
2022-02-08,0.00,43
2022-02-09,6.41,43
2022-02-10,0.00,43
2022-02-11,0.00,43
2022-02-12,0.00,43
2022-02-13,12.11,43
2022-02-14,27.72,43
2022-02-15,0.00,43
2022-02-16,0.00,43
2022-02-17,0.00,43
2022-02-18,3.56,43
2022-02-19,20.58,43
2022-02-20,20.26,43
2022-02-21,14.38,43
2022-02-22,17.07,43
2022-02-23,32.93,43
2022-02-24,0.00,43
2022-02-25,0.00,43
2022-02-26,0.00,43
2022-02-27,0.00,43
2022-02-28,0.00,43
2022-03-01,0.00,43
2022-03-02,0.00,43
2022-03-03,0.00,43
2022-03-04,0.00,43
2022-03-05,0.00,43
2022-03-06,0.00,43
2022-03-07,18.01,43
2022-03-08,0.00,43
2022-03-09,0.00,43
2022-03-10,0.00,43
2022-03-11,0.00,43
2022-03-12,0.00,43
2022-03-13,0.00,43
2022-03-14,0.00,43
2022-03-15,0.00,43
2022-03-16,0.00,43
2022-03-17,9.62,43
2022-03-18,0.00,43
2022-03-19,0.00,43
2022-03-20,0.00,43
2022-03-21,6.87,43
2022-03-22,11.18,43
2022-03-23,31.89,43
2022-03-24,1.11,43
2022-03-25,0.31,43
2022-03-26,25.84,43
2022-03-27,59.20,43
2022-03-28,67.06,43
2022-03-29,4.01,43
2022-03-30,0.00,43
2022-03-31,0.00,43
2022-04-01,0.01,43
2022-04-02,29.93,43
2022-04-03,2.31,43
2022-04-04,0.00,43
2022-04-05,0.00,43
2022-04-06,0.00,43
2022-04-07,0.00,43
2022-04-08,0.00,43
2022-04-09,0.00,43
2022-04-10,0.00,43
2022-04-11,0.00,43
2022-04-12,0.00,43
2022-04-13,0.00,43
2022-04-14,29.82,43
2022-04-15,0.00,43
2022-04-16,0.00,43
2022-04-17,2.89,43
2022-04-18,0.00,43
2022-04-19,11.96,43
2022-04-20,5.98,43
2022-04-21,0.00,43
2022-04-22,0.00,43
2022-04-23,0.68,43
2022-04-24,0.00,43
2022-04-25,0.00,43
2022-04-26,0.00,43
2022-04-27,0.00,43
2022-04-28,0.00,43
2022-04-29,0.00,43
2022-04-30,0.00,43
2022-05-01,10.58,43
2022-05-02,20.84,43
2022-05-03,0.00,43
2022-05-04,0.00,43
2022-05-05,0.00,43
2022-05-06,0.00,43
2022-05-07,0.00,43
2022-05-08,0.00,43
2022-05-09,0.00,43
2022-05-10,0.00,43
2022-05-11,24.47,43
2022-05-12,6.46,43
2022-05-13,5.19,43
2022-05-14,51.70,43
2022-05-15,25.30,43
2022-05-16,51.20,43
2022-05-17,4.52,43
2022-05-18,0.00,43
2022-05-19,0.00,43
2022-05-20,0.00,43
2022-05-21,0.12,43
2022-05-22,0.00,43
2022-05-23,0.00,43
2022-05-24,71.36,43
2022-05-25,71.58,43
2022-05-26,74.38,43
2022-05-27,57.92,43
2022-05-28,4.15,43
2022-05-29,0.00,43
2022-05-30,0.00,43
2022-05-31,9.43,43
2022-06-01,0.00,43
2022-06-02,0.00,43
2022-06-03,0.00,43
2022-06-04,0.00,43
2022-06-05,0.00,43
2022-06-06,50.44,43
2022-06-07,86.01,43
2022-06-08,78.25,43
2022-06-09,14.28,43
2022-06-10,1.86,43
2022-06-11,14.90,43
2022-06-12,21.80,43
2022-06-13,0.00,43
2022-06-14,0.00,43
2022-06-15,9.96,43
2022-06-16,7.71,43
2022-06-17,0.00,43
2022-06-18,0.00,43
2022-06-19,0.00,43
2022-06-20,0.00,43
2022-06-21,0.00,43
2022-06-22,0.00,43
2022-06-23,0.00,43
2022-06-24,0.03,43
2022-06-25,19.16,43
2022-06-26,0.00,43
2022-06-27,0.00,43
2022-06-28,0.00,43
2022-06-29,33.08,43
2022-06-30,0.03,43
2022-07-01,0.00,43
2022-07-02,1.55,43
2022-07-03,0.00,43
2022-07-04,0.94,43
2022-07-05,2.23,43
2022-07-06,1.69,43
2022-07-07,0.00,43
2022-07-08,0.00,43
2022-07-09,0.00,43
2022-07-10,0.00,43
2022-07-11,0.00,43
2022-07-12,0.05,43
2022-07-13,0.00,43
2022-07-14,0.00,43
2022-07-15,0.00,43
2022-07-16,0.00,43
2022-07-17,0.00,43
2022-07-18,0.00,43
2022-07-19,0.00,43
2022-07-20,4.61,43
2022-07-21,0.00,43
2022-07-22,0.00,43
2022-07-23,0.00,43
2022-07-24,0.00,43
2022-07-25,0.00,43
2022-07-26,0.00,43
2022-07-27,0.00,43
2022-07-28,0.00,43
2022-07-29,0.00,43
2022-07-30,11.48,43
2022-07-31,0.00,43
2022-08-01,0.00,43
2022-08-02,24.42,43
2022-08-03,0.68,43
2022-08-04,0.82,43
2022-08-05,0.00,43
2022-08-06,0.00,43
2022-08-07,0.00,43
2022-08-08,0.02,43
2022-08-09,0.00,43
2022-08-10,0.00,43
2022-08-11,4.42,43
2022-08-12,0.00,43
2022-08-13,0.00,43
2022-08-14,0.00,43
2022-08-15,0.07,43
2022-08-16,0.00,43
2022-08-17,5.43,43
2022-08-18,0.61,43
2022-08-19,4.24,43
2022-08-20,0.00,43
2022-08-21,0.00,43
2022-08-22,0.00,43
2022-08-23,0.00,43
2022-08-24,0.00,43
2022-08-25,0.00,43
2022-08-26,0.00,43
2022-08-27,0.00,43
2022-08-28,5.04,43
2022-08-29,0.00,43
2022-08-30,0.68,43
2022-08-31,0.00,43
2022-09-01,4.13,43
2022-09-02,40.39,43
2022-09-03,74.90,43
2022-09-04,14.62,43
2022-09-05,0.00,43
2022-09-06,0.10,43
2022-09-07,0.05,43
2022-09-08,0.00,43
2022-09-09,0.00,43
2022-09-10,0.00,43
2022-09-11,18.83,43
2022-09-12,49.76,43
2022-09-13,7.85,43
2022-09-14,0.00,43
2022-09-15,0.00,43
2022-09-16,0.00,43
2022-09-17,0.00,43
2022-09-18,0.00,43
2022-09-19,0.00,43
2022-09-20,0.00,43
2022-09-21,0.00,43
2022-09-22,0.00,43
2022-09-23,0.00,43
2022-09-24,0.00,43
2022-09-25,0.00,43
2022-09-26,0.00,43
2022-09-27,0.00,43
2022-09-28,0.00,43
2022-09-29,0.00,43
2022-09-30,0.00,43
2022-10-01,0.00,43
2022-10-02,0.00,43
2022-10-03,0.00,43
2022-10-04,0.00,43
2022-10-05,0.00,43
2022-10-06,0.00,43
2022-10-07,0.00,43
2022-10-08,0.00,43
2022-10-09,0.00,43
2022-10-10,0.00,43
2022-10-11,0.00,43
2022-10-12,0.00,43
2022-10-13,0.00,43
2022-10-14,8.22,43
2022-10-15,18.62,43
2022-10-16,28.61,43
2022-10-17,7.46,43
2022-10-18,0.00,43
2022-10-19,0.00,43
2022-10-20,0.00,43
2022-10-21,0.00,43
2022-10-22,0.00,43
2022-10-23,1.73,43
2022-10-24,0.00,43
2022-10-25,0.00,43
2022-10-26,0.00,43
2022-10-27,0.00,43
2022-10-28,0.00,43
2022-10-29,0.00,43
2022-10-30,0.00,43
2022-10-31,20.30,43
2022-11-01,2.57,43
2022-11-02,0.00,43
2022-11-03,0.00,43
2022-11-04,0.00,43
2022-11-05,0.00,43
2022-11-06,0.00,43
2022-11-07,0.00,43
2022-11-08,0.00,43
2022-11-09,0.00,43
2022-11-10,0.00,43
2022-11-11,0.00,43
2022-11-12,0.00,43
2022-11-13,0.00,43
2022-11-14,0.00,43
2022-11-15,0.00,43
2022-11-16,0.00,43
2022-11-17,0.00,43
2022-11-18,0.00,43
2022-11-19,0.00,43
2022-11-20,0.00,43
2022-11-21,0.00,43
2022-11-22,0.00,43
2022-11-23,9.17,43
2022-11-24,58.79,43
2022-11-25,30.14,43
2022-11-26,0.04,43
2022-11-27,0.00,43
2022-11-28,0.00,43
2022-11-29,0.00,43
2022-11-30,0.00,43
2022-12-01,0.46,43
2022-12-02,0.17,43
2022-12-03,1.81,43
2022-12-04,0.00,43
2022-12-05,0.48,43
2022-12-06,0.00,43
2022-12-07,0.00,43
2022-12-08,0.00,43
2022-12-09,0.00,43
2022-12-10,0.65,43
2022-12-11,2.90,43
2022-12-12,0.15,43
2022-12-13,1.75,43
2022-12-14,0.00,43
2022-12-15,6.57,43
2022-12-16,5.61,43
2022-12-17,8.60,43
2022-12-18,0.00,43
2022-12-19,0.00,43
2022-12-20,0.00,43
2022-12-21,0.34,43
2022-12-22,0.00,43
2022-12-23,0.00,43
2022-12-24,0.00,43
2022-12-25,0.00,43
2022-12-26,0.00,43
2022-12-27,0.00,43
2022-12-28,0.00,43
2022-12-29,0.00,43
2022-12-30,0.00,43
2022-12-31,0.00,43
2023-01-01,0.00,43
2023-01-02,1.08,43
2023-01-03,0.00,43
2023-01-04,0.00,43
2023-01-05,0.00,43
2023-01-06,0.04,43
2023-01-07,0.00,43
2023-01-08,0.00,43
2023-01-09,0.13,43
2023-01-10,0.56,43
2023-01-11,1.50,43
2023-01-12,0.00,43
2023-01-13,0.00,43
2023-01-14,0.16,43
2023-01-15,1.38,43
2023-01-16,0.00,43
2023-01-17,0.46,43
2023-01-18,0.52,43
2023-01-19,0.00,43
2023-01-20,0.00,43
2023-01-21,0.00,43
2023-01-22,0.01,43
2023-01-23,0.00,43
2023-01-24,2.26,43
2023-01-25,0.00,43
2023-01-26,0.00,43
2023-01-27,0.00,43
2023-01-28,0.00,43
2023-01-29,0.00,43
2023-01-30,0.00,43
2023-01-31,0.00,43
2023-02-01,0.00,43
2023-02-02,0.00,43
2023-02-03,0.00,43
2023-02-04,0.00,43
2023-02-05,11.44,43
2023-02-06,17.62,43
2023-02-07,0.00,43
2023-02-08,0.00,43
2023-02-09,0.03,43
2023-02-10,0.09,43
2023-02-11,0.00,43
2023-02-12,0.00,43
2023-02-13,0.00,43
2023-02-14,0.38,43
2023-02-15,0.00,43
2023-02-16,0.00,43
2023-02-17,0.00,43
2023-02-18,0.00,43
2023-02-19,0.00,43
2023-02-20,0.00,43
2023-02-21,0.00,43
2023-02-22,0.00,43
2023-02-23,0.00,43
2023-02-24,0.00,43
2023-02-25,0.00,43
2023-02-26,0.00,43
2023-02-27,0.00,43
2023-02-28,0.00,43
2023-03-01,0.00,43
2023-03-02,0.00,43
2023-03-03,0.00,43
2023-03-04,0.00,43
2023-03-05,0.00,43
2023-03-06,0.00,43
2023-03-07,0.00,43
2023-03-08,0.00,43
2023-03-09,0.00,43
2023-03-10,0.00,43
2023-03-11,0.00,43
2023-03-12,0.00,43
2023-03-13,0.00,43
2023-03-14,0.00,43
2023-03-15,0.00,43
2023-03-16,0.00,43
2023-03-17,0.00,43
2023-03-18,0.00,43
2023-03-19,0.00,43
2023-03-20,0.00,43
2023-03-21,0.00,43
2023-03-22,0.00,43
2023-03-23,0.00,43
2023-03-24,0.00,43
2023-03-25,19.59,43
2023-03-26,2.83,43
2023-03-27,1.34,43
2023-03-28,0.15,43
2023-03-29,0.43,43
2023-03-30,0.29,43
2023-03-31,1.17,43
2023-04-01,4.95,43
2023-04-02,0.00,43
2023-04-03,0.00,43
2023-04-04,0.00,43
2023-04-05,0.21,43
2023-04-06,0.00,43
2023-04-07,15.84,43
2023-04-08,0.00,43
2023-04-09,0.00,43
2023-04-10,0.00,43
2023-04-11,0.00,43
2023-04-12,0.00,43
2023-04-13,0.00,43
2023-04-14,0.00,43
2023-04-15,9.97,43
2023-04-16,0.00,43
2023-04-17,0.00,43
2023-04-18,0.00,43
2023-04-19,52.98,43
2023-04-20,60.96,43
2023-04-21,6.69,43
2023-04-22,0.00,43
2023-04-23,0.00,43
2023-04-24,2.55,43
2023-04-25,0.22,43
2023-04-26,0.37,43
2023-04-27,0.00,43
2023-04-28,0.00,43
2023-04-29,0.00,43
2023-04-30,0.00,43
2023-05-01,0.00,43
2023-05-02,0.00,43
2023-05-03,0.00,43
2023-05-04,0.00,43
2023-05-05,0.00,43
2023-05-06,5.12,43
2023-05-07,28.79,43
2023-05-08,25.76,43
2023-05-09,0.00,43
2023-05-10,0.00,43
2023-05-11,0.00,43
2023-05-12,0.00,43
2023-05-13,0.00,43
2023-05-14,0.00,43
2023-05-15,0.00,43
2023-05-16,0.00,43
2023-05-17,0.00,43
2023-05-18,5.59,43
2023-05-19,201.37,43
2023-05-20,1.40,43
2023-05-21,0.00,43
2023-05-22,61.22,43
2023-05-23,16.44,43
2023-05-24,7.43,43
2023-05-25,0.17,43
2023-05-26,0.00,43
2023-05-27,0.00,43
2023-05-28,0.00,43
2023-05-29,0.00,43
2023-05-30,0.00,43
2023-05-31,36.02,43
2023-06-01,2.83,43
2023-06-02,0.00,43
2023-06-03,0.00,43
2023-06-04,0.00,43
2023-06-05,0.00,43
2023-06-06,0.00,43
2023-06-07,0.00,43
2023-06-08,0.00,43
2023-06-09,0.00,43
2023-06-10,1.07,43
2023-06-11,4.39,43
2023-06-12,0.00,43
2023-06-13,0.00,43
2023-06-14,4.28,43
2023-06-15,12.22,43
2023-06-16,19.04,43
2023-06-17,13.08,43
2023-06-18,0.00,43
2023-06-19,0.00,43
2023-06-20,0.00,43
2023-06-21,0.00,43
2023-06-22,0.00,43
2023-06-23,2.07,43
2023-06-24,3.01,43
2023-06-25,0.00,43
2023-06-26,0.56,43
2023-06-27,0.00,43
2023-06-28,0.00,43
2023-06-29,0.00,43
2023-06-30,0.00,43
2023-07-01,0.00,43
2023-07-02,0.04,43
2023-07-03,0.00,43
2023-07-04,0.00,43
2023-07-05,0.00,43
2023-07-06,0.00,43
2023-07-07,0.00,43
2023-07-08,0.00,43
2023-07-09,0.00,43
2023-07-10,0.00,43
2023-07-11,0.00,43
2023-07-12,0.03,43
2023-07-13,0.00,43
2023-07-14,0.00,43
2023-07-15,0.00,43
2023-07-16,0.02,43
2023-07-17,0.00,43
2023-07-18,12.33,43
2023-07-19,0.00,43
2023-07-20,2.01,43
2023-07-21,5.33,43
2023-07-22,0.18,43
2023-07-23,0.00,43
2023-07-24,0.00,43
2023-07-25,0.00,43
2023-07-26,0.00,43
2023-07-27,0.25,43
2023-07-28,2.50,43
2023-07-29,46.47,43
2023-07-30,0.91,43
2023-07-31,0.00,43
2023-08-01,3.64,43
2023-08-02,57.27,43
2023-08-03,5.00,43
2023-08-04,3.20,43
2023-08-05,41.08,43
2023-08-06,0.00,43
2023-08-07,0.00,43
2023-08-08,0.00,43
2023-08-09,0.00,43
2023-08-10,4.77,43
2023-08-11,32.73,43
2023-08-12,0.00,43
2023-08-13,0.00,43
2023-08-14,0.00,43
2023-08-15,0.00,43
2023-08-16,61.92,43
2023-08-17,18.71,43
2023-08-18,18.57,43
2023-08-19,4.58,43
2023-08-20,0.09,43
2023-08-21,0.00,43
2023-08-22,0.00,43
2023-08-23,0.00,43
2023-08-24,0.00,43
2023-08-25,0.00,43
2023-08-26,0.00,43
2023-08-27,0.00,43
2023-08-28,0.00,43
2023-08-29,0.00,43
2023-08-30,0.00,43
2023-08-31,0.00,43
2023-09-01,0.00,43
2023-09-02,0.07,43
2023-09-03,0.00,43
2023-09-04,2.37,43
2023-09-05,10.45,43
2023-09-06,11.71,43
2023-09-07,0.14,43
2023-09-08,9.29,43
2023-09-09,6.40,43
2023-09-10,0.00,43
2023-09-11,0.00,43
2023-09-12,0.00,43
2023-09-13,0.00,43
2023-09-14,0.00,43
2023-09-15,0.09,43
2023-09-16,0.00,43
2023-09-17,0.00,43
2023-09-18,0.00,43
2023-09-19,0.00,43
2023-09-20,0.00,43
2023-09-21,0.00,43
2023-09-22,0.00,43
2023-09-23,0.00,43
2023-09-24,0.00,43
2023-09-25,0.00,43
2023-09-26,0.00,43
2023-09-27,0.00,43
2023-09-28,0.00,43
2023-09-29,0.00,43
2023-09-30,0.00,43
2023-10-01,0.00,43
2023-10-02,0.00,43
2023-10-03,1.21,43
2023-10-04,41.50,43
2023-10-05,8.37,43
2023-10-06,2.72,43
2023-10-07,4.44,43
2023-10-08,0.78,43
2023-10-09,0.00,43
2023-10-10,0.00,43
2023-10-11,0.12,43
2023-10-12,0.00,43
2023-10-13,0.00,43
2023-10-14,0.00,43
2023-10-15,0.00,43
2023-10-16,0.00,43
2023-10-17,0.00,43
2023-10-18,0.00,43
2023-10-19,0.00,43
2023-10-20,0.08,43
2023-10-21,0.00,43
2023-10-22,0.00,43
2023-10-23,0.00,43
2023-10-24,0.00,43
2023-10-25,0.00,43
2023-10-26,0.00,43
2023-10-27,0.00,43
2023-10-28,13.46,43
2023-10-29,0.00,43
2023-10-30,0.00,43
2023-10-31,0.00,43
2023-11-01,0.00,43
2023-11-02,0.00,43
2023-11-03,0.00,43
2023-11-04,0.00,43
2023-11-05,0.00,43
2023-11-06,0.00,43
2023-11-07,0.00,43
2023-11-08,0.00,43
2023-11-09,0.00,43
2023-11-10,0.00,43
2023-11-11,0.00,43
2023-11-12,0.00,43
2023-11-13,0.00,43
2023-11-14,0.00,43
2023-11-15,0.00,43
2023-11-16,4.33,43
2023-11-17,0.00,43
2023-11-18,0.00,43
2023-11-19,0.00,43
2023-11-20,0.00,43
2023-11-21,0.00,43
2023-11-22,0.00,43
2023-11-23,0.00,43
2023-11-24,0.00,43
2023-11-25,0.00,43
2023-11-26,0.00,43
2023-11-27,0.00,43
2023-11-28,0.00,43
2023-11-29,0.00,43
2023-11-30,0.00,43
2023-12-01,0.00,43
2023-12-02,0.00,43
2023-12-03,0.00,43
2023-12-04,55.77,43
2023-12-05,1.10,43
2023-12-06,1.27,43
2023-12-07,0.00,43
2023-12-08,0.00,43
2023-12-09,0.00,43
2023-12-10,0.00,43
2023-12-11,0.00,43
2023-12-12,1.01,43
2023-12-13,0.00,43
2023-12-14,0.00,43
2023-12-15,0.00,43
2023-12-16,0.00,43
2023-12-17,0.00,43
2023-12-18,0.00,43
2023-12-19,0.00,43
2023-12-20,0.02,43
2023-12-21,0.00,43
2023-12-22,0.00,43
2023-12-23,0.00,43
2023-12-24,0.02,43
2023-12-25,0.00,43
2023-12-26,0.00,43
2023-12-27,2.43,43
2023-12-28,2.78,43
2023-12-29,0.00,43
2023-12-30,0.00,43
2023-12-31,0.00,43
